id,symbol,name,current_price,market_cap,total_volume,high_24h,low_24h,pct_change_24h,last_updated
bitcoin,btc,Bitcoin,68128.82,1362040661710,47939821550.0,68237.0,66585.0,0.97,2026-02-21 17:13:21.700
ethereum,eth,Ethereum,1979.76,238928280004,21595197334.0,1984.26,1927.51,1.69,2026-02-21 17:13:21.700
tether,usdt,Tether,1.0,183692385252,71963923385.0,0.999891,0.999559,0.02,2026-02-21 17:13:21.700
ripple,xrp,XRP,1.44,87997260007,2387243358.0,1.44,1.38,2.38,2026-02-21 17:13:21.700
binancecoin,bnb,BNB,630.16,85919534823,890700251.0,630.92,601.85,3.41,2026-02-21 17:13:21.700
usd-coin,usdc,USDC,1.0,74472125886,3620754130.0,1.0,0.999795,0.0,2026-02-21 17:13:21.700
solana,sol,Solana,85.31,48482133555,3512129681.0,85.49,81.88,1.89,2026-02-21 17:13:21.700
tron,trx,TRON,0.29,27092986300,555401609.0,0.286687,0.284439,0.39,2026-02-21 17:13:21.700
dogecoin,doge,Dogecoin,0.1,16879569233,1036624354.0,0.101787,0.09603,1.21,2026-02-21 17:13:21.700
figure-heloc,figr_heloc,Figure Heloc,1.04,15764577579,15332460.0,1.036,1.029,0.64,2026-02-21 17:13:21.700
bitcoin-cash,bch,Bitcoin Cash,568.01,11355731577,423100595.0,569.88,542.51,2.31,2026-02-21 17:13:21.700
whitebit,wbt,WhiteBIT Coin,50.87,10865194086,53480138.0,50.95,49.98,0.37,2026-02-21 17:13:21.700
cardano,ada,Cardano,0.28,10435688105,484782486.0,0.292005,0.27088,2.2,2026-02-21 17:13:21.700
usds,usds,USDS,1.0,9891520431,12074861.0,1.0,0.999178,-0.0,2026-02-21 17:13:21.700
leo-token,leo,LEO Token,8.64,7960445178,2146074.0,8.78,8.48,-0.04,2026-02-21 17:13:21.700
hyperliquid,hype,Hyperliquid,30.3,7224154257,197812274.0,30.52,28.68,2.77,2026-02-21 17:13:21.700
chainlink,link,Chainlink,8.96,6343482328,359728707.0,8.99,8.48,3.72,2026-02-21 17:13:21.700
ethena-usde,usde,Ethena USDe,1.0,6226642369,142268641.0,0.99961,0.99842,0.06,2026-02-21 17:13:21.700
monero,xmr,Monero,329.89,6082689453,70798833.0,335.11,327.59,-1.51,2026-02-21 17:13:21.700
canton-network,cc,Canton,0.16,6051125425,7853219.0,0.16587,0.157491,1.54,2026-02-21 17:13:21.700
stellar,xlm,Stellar,0.16,5352488621,87937944.0,0.164646,0.15785,0.83,2026-02-21 17:13:21.700
usd1-wlfi,usd1,USD1,1.0,5029691852,1910125247.0,0.999927,0.998645,-0.02,2026-02-21 17:13:21.700
rain,rain,Rain,0.01,4591061668,31200777.0,0.00969254,0.0094432,-0.88,2026-02-21 17:13:21.700
zcash,zec,Zcash,261.68,4334402481,160987184.0,263.46,254.33,1.68,2026-02-21 17:13:21.700
hedera-hashgraph,hbar,Hedera,0.1,4311905620,84764215.0,0.101195,0.097165,1.66,2026-02-21 17:13:21.700
litecoin,ltc,Litecoin,54.95,4224977141,352374886.0,55.5,52.87,2.35,2026-02-21 17:13:21.700
dai,dai,Dai,1.0,4184459018,61451609.0,1.002,0.998193,-0.06,2026-02-21 17:13:21.700
paypal-usd,pyusd,PayPal USD,1.0,4063461935,256842799.0,1.001,0.998953,0.02,2026-02-21 17:13:21.700
avalanche-2,avax,Avalanche,9.27,4004158588,232986803.0,9.28,8.95,1.46,2026-02-21 17:13:21.700
sui,sui,Sui,0.96,3687672618,556846155.0,0.972004,0.919586,1.44,2026-02-21 17:13:21.700
the-open-network,ton,Toncoin,1.33,3257153151,100142522.0,1.37,1.32,-2.28,2026-02-21 17:13:21.700
world-liberty-financial,wlfi,World Liberty Financial,0.12,3240823816,180642573.0,0.126538,0.113373,2.53,2026-02-21 17:13:21.700
crypto-com-chain,cro,Cronos,0.08,3223666059,11729989.0,0.078991,0.077161,0.7,2026-02-21 17:13:21.700
tether-gold,xaut,Tether Gold,5093.86,2653014879,229503192.0,5093.92,4999.14,1.66,2026-02-21 17:13:21.700
pax-gold,paxg,PAX Gold,5124.72,2352081672,422104564.0,5124.21,5024.79,1.78,2026-02-21 17:13:21.700
memecore,m,MemeCore,1.33,2317471081,8526520.0,1.45,1.33,-6.15,2026-02-21 17:13:21.700
polkadot,dot,Polkadot,1.39,2313630170,139622010.0,1.39,1.28,6.88,2026-02-21 17:13:21.700
uniswap,uni,Uniswap,3.64,2306332008,221067800.0,3.65,3.33,7.07,2026-02-21 17:13:21.700
mantle,mnt,Mantle,0.64,2069937816,22800937.0,0.637131,0.615451,2.7,2026-02-21 17:13:21.700
blackrock-usd-institutional-digital-liquidity-fund,buidl,BlackRock USD Institutional Digital Liquidity Fund,1.0,1940292267,0.0,1.0,1.0,0.0,2026-02-21 17:13:21.700
aave,aave,Aave,122.57,1860384091,437266822.0,124.67,114.7,-1.49,2026-02-21 17:13:21.700
aster-2,aster,Aster,0.73,1785327721,123125445.0,0.737055,0.6939,3.62,2026-02-21 17:13:21.700
falcon-finance,usdf,Falcon USD,1.0,1750677670,423845.0,0.998295,0.996111,0.01,2026-02-21 17:13:21.700
bittensor,tao,Bittensor,180.97,1736816975,94144999.0,183.39,173.9,1.65,2026-02-21 17:13:21.700
okb,okb,OKB,80.92,1698105219,14054520.0,80.88,77.96,2.31,2026-02-21 17:13:21.700
bitget-token,bgb,Bitget Token,2.33,1629853844,21132053.0,2.35,2.32,-0.88,2026-02-21 17:13:21.700
global-dollar,usdg,Global Dollar,1.0,1626998180,41303178.0,1.0,0.999712,0.0,2026-02-21 17:13:21.700
pi-network,pi,Pi Network,0.17,1589125141,14639482.0,0.177932,0.17121,0.38,2026-02-21 17:13:21.700
hashnote-usyc,usyc,Circle USYC,1.12,1588052579,44.6,0.0,0.0,0.0,2026-02-21 17:13:26.491
ripple-usd,rlusd,Ripple USD,1.0,1558269315,82127426.0,1.0,0.999333,-0.01,2026-02-21 17:13:26.491
ethereum-classic,etc,Ethereum Classic,9.67,1505466870,97322658.0,9.74,8.21,16.3,2026-02-21 17:13:26.491
sky,sky,Sky,0.06,1482991663,9247519.0,0.064989,0.061999,3.91,2026-02-21 17:13:26.491
near,near,NEAR Protocol,1.09,1405444701,164845803.0,1.11,1.006,7.69,2026-02-21 17:13:26.491
ondo-finance,ondo,Ondo,0.27,1323412178,47281248.0,0.272928,0.257202,2.98,2026-02-21 17:13:26.491
bfusd,bfusd,BFUSD,1.0,1318698063,8019208.0,0.99907,0.998464,0.03,2026-02-21 17:13:26.491
internet-computer,icp,Internet Computer,2.24,1228548517,62804727.0,2.26,2.13,4.14,2026-02-21 17:13:26.491
superstate-short-duration-us-government-securities-fund-ustb,ustb,Superstate Short Duration U.S. Government Securities Fund (USTB),11.0,1225748673,0.0,11.0,11.0,0.01,2026-02-21 17:13:26.491
cosmos,atom,Cosmos Hub,2.37,1173012382,53306224.0,2.41,2.31,2.82,2026-02-21 17:13:26.491
polygon-ecosystem-token,pol,POL (ex-MATIC),0.11,1172029730,71359814.0,0.11116,0.103921,3.91,2026-02-21 17:13:26.491
gatechain-token,gt,Gate,7.25,1133103428,2085104.0,7.25,7.06,1.67,2026-02-21 17:13:26.491
worldcoin-wld,wld,Worldcoin,0.4,1127629264,66682111.0,0.398057,0.374167,3.39,2026-02-21 17:13:26.491
kucoin-shares,kcs,KuCoin,8.53,1126356082,2212391.0,8.53,8.31,1.78,2026-02-21 17:13:26.491
midnight-3,night,Midnight,0.06,996617640,10703563.0,0.061507,0.059773,-2.43,2026-02-21 17:13:26.491
hash-2,hash,Provenance Blockchain,0.02,990697692,5013.72,0.01890789,0.01793947,-0.94,2026-02-21 17:13:26.491
quant-network,qnt,Quant,65.85,958953508,11334720.0,67.17,65.35,-0.48,2026-02-21 17:13:26.491
ethena,ena,Ethena,0.11,916688061,87385839.0,0.112995,0.106936,1.09,2026-02-21 17:13:26.491
nexo,nexo,NEXO,0.9,900293635,10134294.0,0.905311,0.858327,3.97,2026-02-21 17:13:26.492
morpho,morpho,Morpho,1.59,874555918,41971886.0,1.63,1.48,2.2,2026-02-21 17:13:26.492
kaspa,kas,Kaspa,0.03,846006257,13729639.0,0.03164384,0.02978254,5.82,2026-02-21 17:13:26.492
usdtb,usdtb,USDtb,1.0,834483299,4930235.0,1.003,0.997767,-0.1,2026-02-21 17:13:26.492
official-trump,trump,Official Trump,3.52,818205078,152563007.0,3.72,3.47,-4.96,2026-02-21 17:13:26.492
algorand,algo,Algorand,0.09,802699006,30528756.0,0.091226,0.08799,0.96,2026-02-21 17:13:26.492
flare-networks,flr,Flare,0.01,802355884,3662476.0,0.00960702,0.00920707,1.6,2026-02-21 17:13:26.492
eutbl,eutbl,Spiko EU T-Bills Money Market Fund,1.23,788981175,0.0,1.24,1.23,0.15,2026-02-21 17:13:26.492
render-token,render,Render,1.49,772143472,74585488.0,1.53,1.42,2.39,2026-02-21 17:13:26.492
filecoin,fil,Filecoin,1.0,756275800,100613510.0,1.014,0.901645,9.36,2026-02-21 17:13:26.492
usdd,usdd,USDD,1.0,737973494,2248819.0,1.0,0.999511,0.06,2026-02-21 17:13:26.492
janus-henderson-anemoy-aaa-clo-fund,jaaa,Janus Henderson Anemoy AAA CLO Fund,1.03,722505251,0.0,1.027,1.027,0.0,2026-02-21 17:13:26.492
xdce-crowd-sale,xdc,XDC Network,0.04,716203202,15025812.0,0.03593767,0.03466838,2.61,2026-02-21 17:13:26.492
ousg,ousg,OUSG,114.37,708561659,0.0,114.37,114.35,0.02,2026-02-21 17:13:26.492
aptos,apt,Aptos,0.9,705295518,61279129.0,0.907037,0.848279,4.74,2026-02-21 17:13:26.492
ondo-us-dollar-yield,usdy,Ondo US Dollar Yield,1.1,698887066,1847330.0,1.14,1.1,-0.1,2026-02-21 17:13:26.492
vechain,vet,VeChain,0.01,675076660,17477602.0,0.00796494,0.00760174,1.55,2026-02-21 17:13:26.492
beldex,bdx,Beldex,0.08,610765509,11470470.0,0.080463,0.080082,0.09,2026-02-21 17:13:26.492
arbitrum,arb,Arbitrum,0.1,605987633,150438528.0,0.104367,0.093055,10.3,2026-02-21 17:13:26.492
janus-henderson-anemoy-treasury-fund,jtrsy,Janus Henderson Anemoy Treasury Fund,1.09,567567027,0.0,1.095,1.095,0.0,2026-02-21 17:13:26.492
usual-usd,usd0,Usual USD,1.0,564050023,105345.0,0.999706,0.993489,0.32,2026-02-21 17:13:26.492
stable-2,stable,​​Stable,0.03,537129691,21858724.0,0.03146252,0.0293182,-3.29,2026-02-21 17:13:26.492
gho,gho,GHO,1.0,527172415,17497434.0,1.0,0.999333,-0.04,2026-02-21 17:13:26.492
jupiter-exchange-solana,jup,Jupiter,0.16,516643104,31615765.0,0.162458,0.151707,2.57,2026-02-21 17:13:26.492
a7a5,a7a5,A7A5,0.01,508246484,2075.01,0.01297222,0.01267778,0.54,2026-02-21 17:13:26.492
true-usd,tusd,TrueUSD,1.0,494046440,10111452.0,1.0,0.997706,0.09,2026-02-21 17:13:26.492
pippin,pippin,pippin,0.49,493466216,30349151.0,0.504298,0.47375,-0.62,2026-02-21 17:13:26.492
sei-network,sei,Sei,0.07,480466862,34326466.0,0.072042,0.069316,1.08,2026-02-21 17:13:26.492
usdai,usdai,USDai,1.0,479429459,10531823.0,1.0,0.999631,0.01,2026-02-21 17:13:26.492
fasttoken,ftn,Fasttoken,1.09,471681632,10697928.0,1.09,1.085,-0.01,2026-02-21 17:13:31.056
euro-coin,eurc,EURC,1.18,458391718,27049101.0,1.18,1.17,0.15,2026-02-21 17:13:31.056
blockstack,stx,Stacks,0.26,457739633,8989490.0,0.259177,0.247742,1.7,2026-02-21 17:13:31.056
pudgy-penguins,pengu,Pudgy Penguins,0.01,442157034,89039160.0,0.00706118,0.00658887,3.35,2026-02-21 17:13:31.056
dash,dash,Dash,34.69,437765326,79924613.0,35.79,33.06,3.23,2026-02-21 17:13:31.056
pancakeswap-token,cake,PancakeSwap,1.32,436421606,31742650.0,1.32,1.24,4.48,2026-02-21 17:13:31.056
virtual-protocol,virtual,Virtuals Protocol,0.65,425663006,68512368.0,0.659585,0.618116,0.62,2026-02-21 17:13:31.056
tezos,xtz,Tezos,0.4,425328108,13125735.0,0.399438,0.381771,2.58,2026-02-21 17:13:31.056
kite-2,kite,Kite,0.24,424275809,122071359.0,0.288637,0.23345,-12.53,2026-02-21 17:13:31.056
decred,dcr,Decred,24.4,421604769,1948766.0,24.88,23.49,2.0,2026-02-21 17:13:31.056
kinesis-gold,kau,Kinesis Gold,171.13,408364088,132838.0,172.75,161.03,6.0,2026-02-21 17:13:31.056
first-digital-usd,fdusd,First Digital USD,1.0,394156744,123611715.0,0.999372,0.9984,0.01,2026-02-21 17:13:31.056
story-2,ip,Story,1.11,390000612,27895173.0,1.13,1.076,1.58,2026-02-21 17:13:31.056
injective-protocol,inj,Injective,3.86,387377887,142248625.0,3.89,3.25,16.4,2026-02-21 17:13:31.056
fetch-ai,fet,Artificial Superintelligence Alliance,0.17,384934887,43325872.0,0.169676,0.160823,1.96,2026-02-21 17:13:31.056
just,jst,JUST,0.04,378944452,22218586.0,0.04393703,0.04240059,0.64,2026-02-21 17:13:31.056
lighter,lit,Lighter,1.5,374692860,30807455.0,1.54,1.44,2.82,2026-02-21 17:13:31.056
chiliz,chz,Chiliz,0.04,370789202,77408280.0,0.03692208,0.0352777,-0.98,2026-02-21 17:13:31.056
c8ntinuum,ctm,c8ntinuum,0.08,364614144,996130.0,0.083636,0.081471,1.59,2026-02-21 17:13:31.056
curve-dao-token,crv,Curve DAO,0.25,362327865,43262567.0,0.250715,0.237162,1.53,2026-02-21 17:13:31.056
ether-fi,ethfi,Ether.fi,0.48,354155936,42503829.0,0.480217,0.448783,3.54,2026-02-21 17:13:31.056
layerzero,zro,LayerZero,1.71,345684413,122509432.0,1.73,1.47,15.41,2026-02-21 17:13:31.056
usx,usx,USX,1.0,340765480,476919.0,0.999809,0.998511,-0.01,2026-02-21 17:13:31.056
bitcoin-cash-sv,bsv,Bitcoin SV,16.56,330985015,7337689.0,16.57,15.85,2.72,2026-02-21 17:13:31.057
kaia,kaia,Kaia,0.06,329272539,7527993.0,0.057121,0.054784,1.24,2026-02-21 17:13:31.057
sun-token,sun,Sun Token,0.02,325338433,24715677.0,0.01708697,0.01690769,-0.11,2026-02-21 17:13:31.057
hastra-prime,prime,PRIME,1.02,322291239,5282383.0,1.021,1.02,0.02,2026-02-21 17:13:31.057
pyth-network,pyth,Pyth Network,0.06,316338378,16610681.0,0.055182,0.051905,2.84,2026-02-21 17:13:31.057
gnosis,gno,Gnosis,119.22,314681833,3431502.0,119.22,115.43,1.14,2026-02-21 17:13:31.057
the-graph,grt,The Graph,0.03,309789705,31373749.0,0.02957389,0.0260568,8.91,2026-02-21 17:13:31.057
adi-token,adi,ADI,3.18,309726445,301035.0,3.18,3.11,1.92,2026-02-21 17:13:31.057
celestia,tia,Celestia,0.34,303967636,32377055.0,0.347535,0.315196,6.71,2026-02-21 17:13:31.057
aerodrome-finance,aero,Aerodrome Finance,0.33,303886812,16412163.0,0.329297,0.306921,4.46,2026-02-21 17:13:31.057
iota,iota,IOTA,0.07,303110736,9494258.0,0.071564,0.067693,3.44,2026-02-21 17:13:31.057
spx6900,spx,SPX6900,0.32,301495303,9105066.0,0.336004,0.315054,-1.98,2026-02-21 17:13:31.057
humanity,h,Humanity,0.16,300508238,40795559.0,0.170286,0.159275,-3.31,2026-02-21 17:13:31.057
jasmycoin,jasmy,JasmyCoin,0.01,291370220,13195255.0,0.00592501,0.00563571,2.76,2026-02-21 17:13:31.057
crvusd,crvusd,crvUSD,1.0,289302076,6972191.0,1.002,0.991073,-0.26,2026-02-21 17:13:31.057
helium,hnt,Helium,1.56,289107204,8666995.0,1.55,1.4,9.71,2026-02-21 17:13:31.057
lido-dao,ldo,Lido DAO,0.34,285753647,26184652.0,0.33704,0.317377,3.48,2026-02-21 17:13:31.057
optimism,op,Optimism,0.13,280620351,201743433.0,0.134728,0.125278,3.55,2026-02-21 17:13:31.057
conflux-token,cfx,Conflux,0.05,278204049,9374182.0,0.054674,0.050283,5.18,2026-02-21 17:13:31.057
frax,frax,Legacy Frax Dollar,0.99,274275148,1944677.0,0.994235,0.988395,0.45,2026-02-21 17:13:31.057
olympus,ohm,Olympus,17.51,274028894,35291.0,17.58,17.06,1.42,2026-02-21 17:13:31.057
ethereum-name-service,ens,Ethereum Name Service,6.98,267038406,25504753.0,6.99,6.39,6.61,2026-02-21 17:13:31.057
syrup,syrup,Maple Finance,0.23,264596733,9610007.0,0.231863,0.221136,2.16,2026-02-21 17:13:31.057
btse-token,btse,BTSE Token,1.62,262383414,12254082.0,1.62,1.58,1.78,2026-02-21 17:13:31.057
doublezero,2z,DoubleZero,0.07,256853204,8225344.0,0.076441,0.07204,0.78,2026-02-21 17:14:53.571
starknet,strk,Starknet,0.05,250791144,34935180.0,0.04661275,0.04442795,0.79,2026-02-21 17:14:53.571
zksync,zk,ZKsync,0.02,249026975,13947790.0,0.02043045,0.01956443,2.23,2026-02-21 17:14:53.571
nusd-2,nusd,Neutrl USD,1.0,229939909,1385423.0,1.002,0.996414,-0.08,2026-02-21 17:14:53.571
the-sandbox,sand,The Sandbox,0.09,229777563,21348585.0,0.086813,0.081043,3.92,2026-02-21 17:14:53.571
axie-infinity,axs,Axie Infinity,1.35,228935647,38291944.0,1.39,1.26,4.5,2026-02-21 17:14:53.571
monad,mon,Monad,0.02,226754307,62144956.0,0.02142487,0.0202536,1.81,2026-02-21 17:14:53.571
dogwifcoin,wif,dogwifhat,0.23,226114269,69329816.0,0.22865,0.213597,3.52,2026-02-21 17:14:53.571
trust-wallet-token,twt,Trust Wallet,0.53,220357251,11070945.0,0.53235,0.5062,0.49,2026-02-21 17:14:53.571
spiko-us-t-bills-money-market-fund,ustbl,Spiko US T-Bills Money Market Fund,1.07,219265041,49.95,1.075,1.075,0.01,2026-02-21 17:14:53.571
ylds,ylds,YLDS,1.0,219245512,24110558.0,1.0,0.99989,-0.0,2026-02-21 17:14:53.571
usda-2,usda,USDa,0.99,218104572,17.72,0.989387,0.988119,0.01,2026-02-21 17:14:53.571
ultima,ultima,Ultima,5756.61,217400682,10734997.0,6029.54,5592.1,-4.53,2026-02-21 17:14:53.571
agora-dollar,ausd,AUSD,1.0,216299990,48961842.0,1.001,0.999246,0.03,2026-02-21 17:14:53.571
myx-finance,myx,MYX Finance,1.13,215830781,72630224.0,1.36,0.93717,-8.47,2026-02-21 17:14:53.571
plasma,xpl,Plasma,0.1,213314879,54697964.0,0.100286,0.092292,5.94,2026-02-21 17:14:53.571
blockchain-capital,bcap,Blockchain Capital,22.86,208302857,0.0,22.86,22.86,0.0,2026-02-21 17:14:53.571
theta-token,theta,Theta Network,0.21,207690935,10181057.0,0.211814,0.187643,8.52,2026-02-21 17:14:53.571
pendle,pendle,Pendle,1.24,203941861,29458315.0,1.24,1.17,3.85,2026-02-21 17:14:53.571
undeads-games,uds,Undeads Games,1.57,195593398,282827.0,1.57,1.5,4.32,2026-02-21 17:14:53.571
neo,neo,NEO,2.77,195165620,7563833.0,2.79,2.67,2.4,2026-02-21 17:14:53.571
decentraland,mana,Decentraland,0.1,193131944,13894171.0,0.100387,0.094723,2.85,2026-02-21 17:14:53.571
venice-token,vvv,Venice Token,4.37,192040866,19992865.0,4.86,4.23,-6.76,2026-02-21 17:14:53.571
vision-3,vsn,Vision,0.05,191071448,1772873.0,0.053698,0.052249,0.69,2026-02-21 17:14:53.571
chain-2,xcn,Onyxcoin,0.01,190583599,4766394.0,0.00516491,0.0050139,0.13,2026-02-21 17:14:53.571
tradable-na-rent-financing-platform-sstn,pc0000031,Tradable NA Rent Financing Platform SSTN,1.0,189500000,0.0,1.0,1.0,0.0,2026-02-21 17:14:53.571
swissborg,borg,SwissBorg,0.19,189434924,258516.0,0.198194,0.188902,-2.57,2026-02-21 17:14:53.571
falcon-finance-ff,ff,Falcon Finance,0.08,189291770,78002149.0,0.081675,0.078892,2.03,2026-02-21 17:14:53.571
fartcoin,fartcoin,Fartcoin,0.19,187575244,34141121.0,0.188895,0.17712,2.66,2026-02-21 17:14:53.571
basic-attention-token,bat,Basic Attention,0.12,183811599,10784799.0,0.12315,0.117431,2.66,2026-02-21 17:14:53.571
convex-finance,cvx,Convex Finance,1.99,182285192,5386286.0,2.01,1.92,1.41,2026-02-21 17:14:53.571
fidelity-digital-interest-token,fdit,Fidelity Digital Interest Token,1.0,179358279,0.0,1.0,1.0,0.0,2026-02-21 17:14:53.571
wefi,wfi,WeFi,2.24,178954346,4284543.0,2.26,2.16,2.34,2026-02-21 17:14:53.571
compound-governance-token,comp,Compound,18.29,176913621,14366546.0,18.47,17.88,2.01,2026-02-21 17:14:53.571
raydium,ray,Raydium,0.66,176488578,21017293.0,0.659511,0.628526,0.65,2026-02-21 17:14:53.571
infinifi-usd,iusd,InfiniFi USD,1.0,174192676,369818.0,1.003,0.9979,-0.02,2026-02-21 17:14:53.571
ribbita-by-virtuals,tibbir,Ribbita by Virtuals,0.17,171709979,12147274.0,0.174006,0.138464,20.25,2026-02-21 17:14:53.571
sonic-3,s,Sonic,0.05,170627973,18928325.0,0.04546814,0.04168113,4.08,2026-02-21 17:14:53.571
lombard-protocol,bard,Lombard,0.76,170336470,7277663.0,0.768323,0.753001,-0.32,2026-02-21 17:14:53.571
sentient,sent,Sentient,0.02,168867001,70299476.0,0.02488873,0.02245696,3.11,2026-02-21 17:14:53.571
reallink,real,RealLink,0.05,168540260,1228267.0,0.054069,0.052401,0.18,2026-02-21 17:14:53.571
golem,glm,Golem,0.17,166944067,12338977.0,0.173107,0.166726,-1.47,2026-02-21 17:14:53.571
mx-token,mx,MX,1.8,165423546,7566828.0,1.8,1.8,0.06,2026-02-21 17:14:53.571
instadapp,fluid,Fluid,2.09,162341477,2438271.0,2.12,2.04,0.69,2026-02-21 17:14:53.571
bnb48-club-token,koge,KOGE,47.99,162182435,73549215.0,47.99,47.98,0.01,2026-02-21 17:14:57.431
river,river,River,8.21,160863536,18604992.0,8.59,7.62,3.62,2026-02-21 17:14:57.431
satoshi-stablecoin,satusd,Satoshi Stablecoin,0.99,158520581,5313.52,0.995607,0.994303,0.02,2026-02-21 17:14:57.431
stasis-eurs,eurs,STASIS EURO,1.27,158169814,2317.98,1.28,1.26,0.41,2026-02-21 17:14:57.431
mimblewimblecoin,mwc,MimbleWimbleCoin,13.9,153491382,143929.0,15.26,13.24,-8.43,2026-02-21 17:14:57.431
astherus-usdf,usdf,Aster USDF,1.0,153107942,75562.0,0.99914,0.997878,-0.07,2026-02-21 17:14:57.432
siren-2,siren,Siren,0.21,151761299,12085516.0,0.243933,0.190367,-4.85,2026-02-21 17:14:57.432
origintrail,trac,OriginTrail,0.34,151572268,5983330.0,0.341087,0.32959,1.61,2026-02-21 17:14:57.432
theo-short-duration-us-treasury-fund,thbill,Theo Short Duration US Treasury Fund,1.01,151498386,4881726.0,1.016,1.01,0.22,2026-02-21 17:14:57.432
gusd,gusd,GUSD,1.0,149178945,997502.0,1.003,0.994167,-0.28,2026-02-21 17:14:57.432
zero-gravity,0g,0G,0.69,145984655,33705568.0,0.754001,0.643553,5.35,2026-02-21 17:14:57.432
thorchain,rune,THORChain,0.42,145770261,53111476.0,0.418763,0.390468,4.32,2026-02-21 17:14:57.432
immutable-x,imx,Immutable,0.17,144871588,12190697.0,0.172263,0.156876,5.24,2026-02-21 17:14:57.432
wemix-token,wemix,WEMIX,0.31,144626787,861633.0,0.313405,0.308384,1.24,2026-02-21 17:14:57.432
the9bit,9bit,The9bit,0.02,140817652,8202268.0,0.01777758,0.01483121,15.76,2026-02-21 17:14:57.432
safepal,sfp,SafePal,0.28,138759135,1870087.0,0.279804,0.270718,-0.27,2026-02-21 17:14:57.432
elrond-erd-2,egld,MultiversX,4.67,137293360,5240688.0,4.7,4.45,3.29,2026-02-21 17:14:57.432
vaulta,a,Vaulta,0.08,136784391,19043949.0,0.084498,0.079812,3.72,2026-02-21 17:14:57.432
arweave,ar,Arweave,2.07,135744382,20081155.0,2.11,1.91,6.45,2026-02-21 17:14:57.432
zano,zano,Zano,8.9,134938677,2001349.0,9.04,8.8,-1.48,2026-02-21 17:14:57.432
jito-governance-token,jto,Jito,0.31,134582321,36449410.0,0.33218,0.303865,-3.74,2026-02-21 17:14:57.432
havven,snx,Synthetix,0.39,132552982,78194614.0,0.412554,0.360185,-0.52,2026-02-21 17:14:57.432
ravedao,rave,RaveDAO,0.56,132475987,86502894.0,0.601326,0.477542,1.15,2026-02-21 17:14:57.432
1inch,1inch,1INCH,0.09,132428242,13939929.0,0.095193,0.09057,2.08,2026-02-21 17:14:57.432
gmt-token,gomining,GoMining Token,0.32,131570789,8939893.0,0.330668,0.322541,-1.69,2026-02-21 17:14:57.432
build-on,b,BUILDon,0.13,131460422,2867684.0,0.134342,0.130163,-1.6,2026-02-21 17:14:57.432
walrus-2,wal,Walrus,0.08,131127922,8180987.0,0.08209,0.07948,-0.75,2026-02-21 17:14:57.432
apollo-diversified-credit-securitize-fund,acred,Apollo Diversified Credit Securitize Fund,1097.02,130933894,0.0,1098.89,1095.02,0.01,2026-02-21 17:14:57.432
comedian,ban,Comedian,0.13,130228521,9337645.0,0.140271,0.124301,-5.34,2026-02-21 17:14:57.432
rollbit-coin,rlb,Rollbit Coin,0.07,130082306,263568.0,0.075067,0.071822,1.75,2026-02-21 17:14:57.432
keeta,kta,Keeta,0.26,126517107,3522506.0,0.260658,0.254539,-0.97,2026-02-21 17:14:57.432
dola-usd,dola,DOLA,1.0,126142476,235093.0,0.996207,0.993581,0.1,2026-02-21 17:14:57.432
berachain-bera,bera,Berachain,0.58,125355683,28466059.0,0.617253,0.579623,0.28,2026-02-21 17:14:57.432
coco-2,coco,coco,0.13,124742179,813661.0,0.125107,0.115968,4.93,2026-02-21 17:14:57.432
ozone-chain,ozo,Ozone Chain,0.13,123804538,221463.0,0.130935,0.130472,-0.1,2026-02-21 17:14:57.432
bitmart-token,bmx,BitMart,0.35,120238359,5893878.0,0.360804,0.354259,-1.61,2026-02-21 17:14:57.432
cap-usd,cusd,Cap USD,0.99,119763792,7729.46,1.004,0.96851,1.75,2026-02-21 17:14:57.432
pleasing-usd,pusd,Pleasing USD,1.0,119488049,0.0,0.995734,0.995734,0.0,2026-02-21 17:14:57.432
quantum-resistant-ledger,qrl,Quantum Resistant Ledger,1.51,118732152,238070.0,1.81,1.42,-14.29,2026-02-21 17:14:57.432
livepeer,lpt,Livepeer,2.39,118582333,10170153.0,2.39,2.28,3.39,2026-02-21 17:14:57.432
eigenlayer,eigen,EigenCloud (prev. EigenLayer),0.2,117802548,22886920.0,0.200663,0.19047,1.63,2026-02-21 17:14:57.432
cow-protocol,cow,CoW Protocol,0.21,116000458,6329186.0,0.211793,0.198864,2.12,2026-02-21 17:14:57.432
stp-network,awe,AWE Network,0.06,115390838,8003209.0,0.063181,0.058227,-2.11,2026-02-21 17:14:57.432
dexe,dexe,DeXe,2.45,114767733,6286966.0,2.51,2.25,9.14,2026-02-21 17:14:57.432
seeker,skr,Seeker,0.02,113691695,6812625.0,0.02119037,0.01939114,-4.25,2026-02-21 17:14:57.432
cash-4,cash,CASH,1.0,113316170,27116731.0,1.003,0.999459,-0.21,2026-02-21 17:14:57.432
frax-usd,frxusd,Frax USD,1.0,113176655,3345350.0,1.001,0.99928,0.01,2026-02-21 17:15:01.448
kamino,kmno,Kamino,0.03,112187934,5207229.0,0.02822074,0.02708,1.7,2026-02-21 17:15:01.448
melania-meme,melania,Melania Meme,0.12,110902797,12779418.0,0.123905,0.116073,-5.33,2026-02-21 17:15:01.449
re-protocol-reusd,reusd,Re Protocol reUSD,1.06,110616682,106846.0,1.064,1.061,-0.02,2026-02-21 17:15:01.449
apecoin,ape,ApeCoin,0.11,110342788,25448068.0,0.114404,0.105873,3.83,2026-02-21 17:15:01.449
avant-usd,avusd,Avant USD,1.0,109897349,78837.0,1.001,0.999415,0.02,2026-02-21 17:15:01.449
wormhole,w,Wormhole,0.02,109781467,21100558.0,0.02026103,0.01938118,1.19,2026-02-21 17:15:01.449
standx-dusd,dusd,StandX DUSD,1.0,107864423,748162.0,0.999193,0.996769,-0.0,2026-02-21 17:15:01.449
midas-mf-one,mf-one,Midas mF-ONE,1.06,106894202,0.0,1.06,1.056,-0.0,2026-02-21 17:15:01.449
meteora,met,Meteora,0.21,106678137,9613976.0,0.215406,0.207895,0.5,2026-02-21 17:15:01.449
tokenize-xchange,tkx,Tokenize Xchange,1.33,106583591,1493.2,1.34,1.31,0.74,2026-02-21 17:15:01.449
aztec,aztec,Aztec,0.04,106018097,292104184.0,0.03989623,0.03056659,3.94,2026-02-21 17:15:01.449
securitize-tokenized-aaa-clo-fund,stac,Securitize Tokenized AAA CLO Fund,1007.68,105906501,0.0,1009.09,1005.54,0.01,2026-02-21 17:15:01.449
theta-fuel,tfuel,Theta Fuel,0.01,105528577,1549307.0,0.0146421,0.0141513,1.06,2026-02-21 17:15:01.449
gas,gas,Gas,1.61,105114084,1839113.0,1.62,1.55,1.51,2026-02-21 17:15:01.449
onyc,onyc,Onchain Yield Coin,1.08,105108764,3432343.0,1.079,1.077,0.04,2026-02-21 17:15:01.449
zencash,zen,Horizen,5.89,104910459,14848901.0,5.96,5.66,2.31,2026-02-21 17:15:01.449
edu-coin,edu,Open Campus,0.13,104388111,4257321.0,0.126744,0.122362,-0.28,2026-02-21 17:15:01.449
oasis-network,rose,Oasis,0.01,103372644,11125077.0,0.01396173,0.01244323,8.16,2026-02-21 17:15:01.449
qtum,qtum,Qtum,0.96,102188905,5235986.0,0.968036,0.919675,3.39,2026-02-21 17:15:01.449
impossible-cloud-network-token,icnt,Impossible Cloud Network Token,0.4,102038449,2908587.0,0.421472,0.382062,5.53,2026-02-21 17:15:01.449
verge,xvg,Verge,0.01,101751758,4359424.0,0.00622403,0.00593232,1.43,2026-02-21 17:15:01.449
yearn-finance,yfi,yearn.finance,2849.93,101408753,9126076.0,2873.38,2770.11,2.27,2026-02-21 17:15:01.449
fogo,fogo,Fogo,0.03,101360627,20042938.0,0.02809125,0.02469939,7.84,2026-02-21 17:15:01.449
mnee-usd-stablecoin,mnee,MNEE USD Stablecoin,1.0,101117695,87602.0,1.003,0.995934,-0.01,2026-02-21 17:15:01.449
sosovalue,soso,SoSoValue,0.37,100855153,2106745.0,0.385967,0.366915,-2.36,2026-02-21 17:15:01.449
tradable-singapore-fintech-ssl-2,pc0000023,Tradable Singapore Fintech SSL,1.0,100846154,0.0,1.0,1.0,0.0,2026-02-21 17:15:01.449
ring-usd,usdr,Ring USD,1.0,100454297,7248.34,1.002,0.995706,0.12,2026-02-21 17:15:01.449
home,home,HOME,0.03,100078663,14387235.0,0.02934721,0.02792341,2.8,2026-02-21 17:15:01.449
ravencoin,rvn,Ravencoin,0.01,99880029,6049014.0,0.00628135,0.00587793,2.82,2026-02-21 17:15:01.449
aethir,ath,Aethir,0.01,98990904,8732052.0,0.00574863,0.00543165,2.12,2026-02-21 17:15:01.449
pleasing-gold,pgold,Pleasing Gold,5076.94,98938081,155.65,5084.21,4984.01,1.55,2026-02-21 17:15:01.449
greyhunt,hunt,Greyhunt,5.1,98056909,58712.0,5.1,3.1,40.25,2026-02-21 17:15:01.449
resolv-usr,usr,Resolv USR,1.0,97573768,223049.0,1.001,0.997868,-0.05,2026-02-21 17:15:01.449
power-protocol,power,Power Protocol,0.46,97286464,13246072.0,0.466082,0.377731,18.71,2026-02-21 17:15:01.449
0x,zrx,0x Protocol,0.11,96571902,13669623.0,0.114386,0.103803,7.3,2026-02-21 17:15:01.449
nxm,nxm,Nexus Mutual,51.56,95735219,0.0,51.63,50.35,1.74,2026-02-21 17:15:01.449
anzen-usdz,usdz,Anzen USDz,1.0,95065641,7886.93,0.99679,0.98941,0.16,2026-02-21 17:15:01.449
unibase,ub,Unibase,0.04,94590122,7092990.0,0.04146416,0.03749481,-8.66,2026-02-21 17:15:01.449
akash-network,akt,Akash Network,0.33,93645139,6252757.0,0.33159,0.315927,-0.32,2026-02-21 17:15:01.449
xdai,xdai,XDAI,1.0,93544718,1576157.0,1.001,0.999854,0.01,2026-02-21 17:15:01.449
coredaoorg,core,Core,0.09,93076444,4259877.0,0.087516,0.083189,2.43,2026-02-21 17:15:01.449
zora,zora,Zora,0.02,92797196,13825172.0,0.02109535,0.02068288,-0.47,2026-02-21 17:15:01.449
usda-3,usda,USDA,1.0,90970930,1495172.0,1.001,0.905222,-0.23,2026-02-21 17:15:01.449
grass,grass,Grass,0.19,90407692,11105118.0,0.195271,0.179181,4.16,2026-02-21 17:15:01.449
bitkub-coin,kub,KUB Coin,1.0,89303859,97814.0,1.007,0.989747,1.09,2026-02-21 17:15:01.449
kusama,ksm,Kusama,4.99,89017485,16191705.0,5.23,4.53,8.03,2026-02-21 17:15:05.313
shuffle-2,shfl,Shuffle,0.23,88944787,347333.0,0.235732,0.227919,2.44,2026-02-21 17:15:05.313
concordium,ccd,Concordium,0.01,87578758,323035.0,0.00735394,0.00704608,3.82,2026-02-21 17:15:05.313
bianrensheng,币安人生,币安人生 (BinanceLife),0.09,87573811,14413805.0,0.090496,0.085194,-0.39,2026-02-21 17:15:05.313
ini,ini,INI,0.12,87142464,647325.0,0.120656,0.118445,-0.27,2026-02-21 17:15:05.313
chutes,sn64,Chutes,19.65,86753608,1987707.0,19.76,18.58,2.58,2026-02-21 17:15:05.313
jusd,jusd,JUSD,1.0,86263700,136677.0,0.999811,0.99954,0.01,2026-02-21 17:15:05.313
quack-ai,q,Quack AI,0.02,86010965,5626558.0,0.02267375,0.02020232,3.56,2026-02-21 17:15:05.313
grx-chain,grx,GRX Chain,9.0,85681700,41130235.0,9.15,8.28,2.99,2026-02-21 17:15:05.313
meta-2-2,meta,MetaDAO,3.77,85453141,850379.0,3.79,3.74,0.77,2026-02-21 17:15:05.313
pieverse,pieverse,Pieverse,0.41,84961370,3842770.0,0.425996,0.39928,1.7,2026-02-21 17:15:05.313
mag7-ssi,mag7.ssi,MAG7.ssi,0.5,84296148,1313640.0,0.499295,0.481208,0.94,2026-02-21 17:15:05.313
dydx-chain,dydx,dYdX,0.1,83923741,5233232.0,0.102884,0.094844,4.22,2026-02-21 17:15:05.313
creditcoin-2,ctc,Creditcoin,0.16,82912599,2611646.0,0.161633,0.155208,0.01,2026-02-21 17:15:05.313
aioz-network,aioz,AIOZ Network,0.07,82897028,3662102.0,0.069816,0.066572,-0.05,2026-02-21 17:15:05.313
swop-2,swop,Swop,0.01,82665312,1.25,0.0,0.0,0.0,2026-02-21 17:15:05.313
vicicoin,vcnt,ViciCoin,16.98,82490851,618797.0,17.1,16.86,0.06,2026-02-21 17:15:05.313
ronin,ron,Ronin,0.11,81655253,3601449.0,0.106223,0.097089,7.22,2026-02-21 17:15:05.313
mina-protocol,mina,Mina Protocol,0.06,80917992,4120391.0,0.064283,0.061352,0.7,2026-02-21 17:15:05.313
four,form,Four,0.21,80916933,3513731.0,0.214876,0.205279,0.82,2026-02-21 17:15:05.313
movement,move,Movement,0.02,79997728,13206532.0,0.02442971,0.02327166,0.85,2026-02-21 17:15:05.313
matrixdock-gold,xaum,Matrixdock Gold,5053.95,79945005,330087.0,5064.62,4959.15,1.56,2026-02-21 17:15:05.313
threshold-network-token,t,Threshold Network,0.01,79286291,2420564.0,0.00717718,0.00692849,1.21,2026-02-21 17:15:05.313
based-brett,brett,Brett,0.01,78102172,9234909.0,0.00803359,0.00747944,4.35,2026-02-21 17:15:05.313
vaneck-treasury-fund,vbill,VanEck Treasury Fund,1.0,78040345,0.0,1.0,1.0,0.0,2026-02-21 17:15:05.313
mantra-dao,om,MANTRA,0.07,77560511,30368271.0,0.070776,0.064597,-4.01,2026-02-21 17:15:05.313
safe,safe,Safe,0.11,77518837,1915964.0,0.112811,0.107088,1.29,2026-02-21 17:15:05.313
societe-generale-forge-eurcv,eurcv,EUR CoinVertible,1.18,77449337,13692134.0,1.18,1.17,0.21,2026-02-21 17:15:05.313
superfarm,super,SuperVerse,0.12,77355348,7106481.0,0.121453,0.117932,1.48,2026-02-21 17:15:05.313
debridge,dbr,deBridge,0.02,77040310,3740869.0,0.01631751,0.01558089,2.36,2026-02-21 17:15:05.313
gama-token,gama,Gama Token,0.76,76460662,322704.0,0.764393,0.764393,0.0,2026-02-21 17:15:05.313
agentfun-ai,agentfun,AgentFun.AI,0.76,76078099,743.64,0.768335,0.748292,0.61,2026-02-21 17:15:05.313
railgun,rail,Railgun,1.3,75672650,471201.0,1.3,1.24,1.7,2026-02-21 17:15:05.313
aleo,aleo,ALEO,0.08,75392382,6824772.0,0.08586,0.081605,0.57,2026-02-21 17:15:05.313
felix-feusd,feusd,Felix feUSD,1.0,74809062,109497.0,1.003,0.993652,0.11,2026-02-21 17:15:05.313
cygnus-finance-global-usd,cgusd,Cygnus Finance Global USD,1.0,74795998,4.34,0.997758,0.997487,-0.01,2026-02-21 17:15:05.313
soon-2,soon,SOON,0.17,74459663,2834533.0,0.174756,0.165384,1.54,2026-02-21 17:15:05.313
temple,temple,TempleDAO,3.13,74215354,3.99,0.0,0.0,0.0,2026-02-21 17:15:05.313
uchain-2,ucn,UCHAIN,742.01,74170731,5136137.0,762.78,721.04,-0.85,2026-02-21 17:15:05.313
kaito,kaito,KAITO,0.31,74159679,9301590.0,0.311403,0.296253,2.97,2026-02-21 17:15:05.313
islamic-coin,islm,Islamic Coin,0.03,73030631,361201.0,0.03089077,0.02899946,2.24,2026-02-21 17:15:05.313
ai-rig-complex,arc,AI Rig Complex,0.07,72002281,10183778.0,0.075999,0.071875,-2.47,2026-02-21 17:16:30.808
nano,xno,Nano,0.54,71496313,930641.0,0.540786,0.521053,1.53,2026-02-21 17:16:30.808
gmx,gmx,GMX,6.86,71329510,4896471.0,6.9,6.58,1.85,2026-02-21 17:16:30.808
coinex-token,cet,CoinEx,0.03,71082393,44351.0,0.02798698,0.02763184,0.34,2026-02-21 17:16:30.808
tdccp,tdccp,TDCCP,0.11,70726805,182608.0,0.112334,0.108681,-0.84,2026-02-21 17:16:30.808
puff-the-dragon,puff,Puff The Dragon,0.08,69556563,32848.0,0.078588,0.078046,-0.1,2026-02-21 17:16:30.808
nexpace,nxpc,Nexpace,0.28,69048772,8638914.0,0.277708,0.262256,2.49,2026-02-21 17:16:30.808
mindwavedao,nila,MindWaveDAO,0.08,68884829,157991.0,0.082474,0.080551,1.1,2026-02-21 17:16:30.808
flow,flow,Flow,0.04,68381787,8627388.0,0.04227624,0.03923602,3.72,2026-02-21 17:16:30.808
deep,deep,DeepBook,0.03,68224464,6980310.0,0.02852553,0.02609217,-4.08,2026-02-20 07:38:50.254
alchemist-ai,alch,Alchemist AI,0.08,68103989,14773499.0,0.082574,0.079336,-2.05,2026-02-21 17:16:30.808
bc-token,bc,BCGame Coin,0.01,67241734,8830.83,0.00677585,0.00649702,0.82,2026-02-21 17:16:30.808
zetachain,zeta,ZetaChain,0.05,66881626,4654460.0,0.053326,0.050743,2.44,2026-02-21 17:16:30.808
jelly-my-jelly,jellyjelly,Jelly-My-Jelly,0.07,66816043,6676006.0,0.069447,0.066451,-2.76,2026-02-21 17:16:30.808
ai-companions,aic,AI Companions,0.07,66331555,1306854.0,0.067459,0.060721,4.81,2026-02-21 17:16:30.808
arkham,arkm,Arkham,0.12,66009836,18487729.0,0.11733,0.109562,3.1,2026-02-21 17:16:30.808
mbg-by-multibank-group,mbg,MBG By Multibank Group,0.34,65953049,8514614.0,0.348313,0.306132,12.5,2026-02-21 17:16:30.808
verus-coin,vrsc,Verus,0.82,65910776,1041.81,0.825781,0.761912,4.67,2026-02-21 17:16:30.808
usdu,usdu,USDu,1.0,65892994,89932.0,1.0,0.999563,-0.0,2026-02-21 17:16:30.808
numeraire,nmr,Numeraire,8.22,65774884,5175314.0,8.27,8.07,0.61,2026-02-21 17:16:30.808
openeden-open-dollar,usdo,OpenEden OpenDollar,1.0,65772634,21.66,0.0,0.0,0.0,2026-02-21 17:16:30.808
world-mobile-token,wmtx,World Mobile Token,0.08,65592072,6049624.0,0.08033,0.078521,-0.36,2026-02-21 17:16:30.808
astar,astr,Astar,0.01,65542648,2668992.0,0.00778397,0.00731738,2.52,2026-02-21 17:16:30.808
non-playable-coin,npc,Non-Playable Coin,0.01,65480012,2747285.0,0.00814033,0.00788327,1.23,2026-02-21 17:16:30.808
the-white-whale,whitewhale,The White Whale,0.07,65403133,4657170.0,0.074045,0.065397,-7.92,2026-02-21 17:16:30.808
conscious-token,conscious,Conscious Token,0.14,65357782,1.99,0.0,0.0,0.0,2026-02-21 17:16:30.808
aelf,elf,aelf,0.08,65145578,695465.0,0.079668,0.078868,0.23,2026-02-21 17:16:30.808
orca,orca,Orca,1.08,65113513,16237260.0,1.17,1.082,-5.62,2026-02-21 17:16:30.808
jupusd,jupusd,JupUSD,1.0,64533480,857820.0,1.0,0.999506,-0.0,2026-02-21 17:16:30.808
mocaverse,moca,Moca Network,0.02,64444882,4482728.0,0.01647894,0.01559476,1.31,2026-02-21 17:16:30.808
frax-share,frax,Frax (prev. FXS),0.67,63938670,2586316.0,0.676005,0.653311,2.26,2026-02-21 17:16:30.808
everlyn,lyn,Everlyn,0.3,63627012,5247891.0,0.311369,0.275053,2.7,2026-02-21 17:16:30.809
space-and-time,sxt,Space and Time,0.02,63507004,7103613.0,0.02318353,0.02159287,1.45,2026-02-21 17:16:30.809
axelar,axl,Axelar,0.06,62790764,6793431.0,0.056942,0.055007,-1.59,2026-02-21 17:16:30.809
chainopera-ai,coai,ChainOpera AI,0.33,62176592,5800707.0,0.337075,0.323285,0.19,2026-02-21 17:16:30.809
fidelity-digital-dollar,fidd,Fidelity Digital Dollar,1.0,62094787,33305397.0,1.002,0.99788,-0.01,2026-02-21 17:16:30.809
cysic,cys,Cysic,0.39,62074243,13792906.0,0.437446,0.379852,-8.47,2026-02-21 17:16:30.809
pay-coin,pci,Paycoin,0.06,62063728,245824.0,0.061172,0.060633,-0.44,2026-02-21 17:16:30.809
metal-blockchain,metal,Metal Blockchain,0.12,61673004,518614.0,0.12511,0.115497,2.19,2026-02-21 17:16:30.809
straitsx-xusd,xusd,StraitsX XUSD,1.0,61412955,8417148.0,1.0,0.999788,0.01,2026-02-21 17:16:30.809
deso,deso,Decentralized Social,5.78,60867001,29271.0,5.88,5.76,-1.6,2026-02-21 17:16:30.809
merlin-chain,merl,Merlin Chain,0.05,60748552,8740271.0,0.054369,0.052217,-1.86,2026-02-21 17:16:30.809
midas-mhyper,mhyper,Midas mHYPER,1.08,60739774,43.5,1.079,1.079,0.0,2026-02-21 17:16:30.809
succinct,prove,Succinct,0.31,60348625,8191297.0,0.320051,0.304391,0.73,2026-02-21 17:16:30.809
onfa,oft,ONFA,0.56,60191224,232577.0,0.567509,0.552964,-0.34,2026-02-21 17:16:35.099
geodnet,geod,Geodnet,0.14,59783829,195994.0,0.138868,0.135002,-1.84,2026-02-21 17:16:35.099
bitdca,bdca,BitDCA,0.72,58995146,279153.0,0.725779,0.690826,2.7,2026-02-21 17:16:35.099
quantixai,qai,QuantixAI,73.25,58879695,7599127.0,73.37,71.79,0.47,2026-02-21 17:16:35.099
biconomy,bico,Biconomy,0.02,58604830,9682961.0,0.02341677,0.0219019,3.97,2026-02-21 17:16:35.099
venom,venom,Venom,0.03,58480422,1125755.0,0.02776259,0.02724062,-1.31,2026-02-21 17:16:35.099
unifai-network,uai,UnifAI Network,0.24,58342107,1817533.0,0.247958,0.236831,3.26,2026-02-21 17:16:35.099
sushi,sushi,Sushi,0.21,58199416,9916876.0,0.21602,0.196417,5.97,2026-02-21 17:16:35.099
blur,blur,Blur,0.02,57933769,7309820.0,0.02146362,0.01999623,3.67,2026-02-21 17:16:35.099
goplus-security,gps,GoPlus Security,0.01,57829766,6297864.0,0.0135081,0.01290086,1.48,2026-02-21 17:16:35.099
ordinals,ordi,ORDI,2.74,57612362,15478290.0,2.77,2.48,7.59,2026-02-21 17:16:35.099
kava,kava,Kava,0.05,57526033,3718046.0,0.054459,0.050427,3.46,2026-02-21 17:16:35.099
moo-deng,moodeng,Moo Deng,0.06,57419982,19216100.0,0.060006,0.05399,4.33,2026-02-21 17:16:35.099
anchored-coins-eur,aeur,Anchored Coins AEUR,1.17,56110047,11563.45,1.17,1.17,0.28,2026-02-21 17:16:35.099
zignaly,zig,ZIGChain,0.04,55971069,1434800.0,0.03994223,0.03825444,3.79,2026-02-21 17:16:35.099
magic-eden,me,Magic Eden,0.13,55748224,9780526.0,0.131731,0.124781,2.01,2026-02-21 17:16:35.099
zama,zama,Zama,0.03,55742225,66171231.0,0.02564172,0.02024689,25.73,2026-02-21 17:16:35.099
redstone-oracles,red,RedStone,0.18,55632712,5588413.0,0.178694,0.168168,3.88,2026-02-21 17:16:35.099
polymesh,polyx,Polymesh,0.04,55501141,1602246.0,0.04489371,0.04287701,1.78,2026-02-21 17:16:35.099
eurite,euri,Eurite,1.18,55297159,2773941.0,1.18,1.18,0.13,2026-02-21 17:16:35.099
law-blocks,lbt,Law Blocks AI,0.22,54437700,557635.0,0.223364,0.222108,-0.22,2026-02-21 17:16:35.099
escoin-token,elg,Escoin,0.29,53528265,369927.0,0.293732,0.28888,0.3,2026-02-21 17:16:35.099
compounding-open-dollar,cusdo,Compounding OpenDollar,1.04,53423656,6527.1,1.047,1.038,-0.02,2026-02-21 17:16:35.099
rocket-pool,rpl,Rocket Pool,2.4,53363292,13674775.0,2.72,2.34,-7.06,2026-02-21 17:16:35.099
bio-protocol,bio,Bio Protocol,0.03,53311675,113112464.0,0.03387049,0.02888219,-7.06,2026-02-21 17:16:35.099
tesla-xstock,tslax,Tesla xStock,410.47,52941572,19184755.0,414.31,406.34,-0.3,2026-02-21 17:16:35.099
constellation-labs,dag,Constellation,0.01,52664793,921689.0,0.01381937,0.01354621,1.63,2026-02-21 17:16:35.099
hashkey-ecopoints,hsk,HashKey Platform Token,0.15,52611039,207989.0,0.153236,0.152507,-0.44,2026-02-21 17:16:35.099
ethgas-2,gwei,ETHGas,0.03,52481391,12544570.0,0.03082224,0.02747927,8.0,2026-02-21 17:16:35.099
alphabet-class-a-ondo-tokenized-stock,googlon,Alphabet Class A (Ondo Tokenized Stock),315.89,52418062,998307.0,316.28,304.99,2.79,2026-02-21 17:16:35.099
plume,plume,Plume,0.01,52281751,6495575.0,0.01036081,0.00989983,0.02,2026-02-21 17:16:35.099
bitlayer-bitvm,btr,Bitlayer,0.2,51526207,4989051.0,0.197505,0.179188,6.29,2026-02-21 17:16:35.099
pirate-chain,arrr,Pirate Chain,0.26,51288923,439441.0,0.267292,0.242145,4.85,2026-02-21 17:16:35.099
usdx,usdx,USDX,0.46,51255922,2707.04,0.466585,0.446699,2.18,2026-02-21 17:16:35.099
popcat,popcat,Popcat,0.05,51146492,16579344.0,0.052751,0.0494468,2.22,2026-02-21 17:16:35.099
spark-2,spk,Spark,0.02,51109211,10871848.0,0.0216223,0.02074618,-1.09,2026-02-21 17:16:35.099
drift-protocol,drift,Drift Protocol,0.09,51031871,10172010.0,0.095913,0.084677,5.93,2026-02-21 17:16:35.099
ondo-u-s-dollar-token,usdon,Ondo U.S. Dollar Token,1.0,50996293,8836638.0,1.0,1.0,0.0,2026-02-21 17:16:35.099
yooldo-games,esports,Yooldo Games,0.33,50582187,24331334.0,0.359333,0.302269,0.15,2026-02-21 17:16:35.099
venus,xvs,Venus,3.0,50351713,4537080.0,3.07,2.99,-1.91,2026-02-21 17:16:35.099
vana,vana,Vana,1.63,50345345,39366872.0,1.93,1.47,8.35,2026-02-21 17:16:35.099
gamer-tag,gmrt,The Game Company,0.14,50335575,1020.27,0.144759,0.095935,50.88,2026-02-21 17:16:35.099
avantis,avnt,Avantis,0.19,50276395,10407623.0,0.196567,0.186199,2.45,2026-02-21 17:16:35.099
usdkg,usdkg,USDKG,1.0,49998548,211860.0,1.001,0.999241,0.0,2026-02-21 17:16:35.099
alloy-tether,ausdt,Alloy Tether,1.0,49975682,22.16,0.999636,0.998834,0.07,2026-02-21 17:16:38.841
waves,waves,Waves,0.5,49957600,1930043.0,0.504907,0.487859,1.22,2026-02-21 17:16:38.841
moonbirds,birb,Moonbirds,0.18,49910583,6739401.0,0.183319,0.175031,-3.52,2026-02-21 17:16:38.841
request-network,req,Request,0.07,49850291,1682073.0,0.067566,0.065172,-0.78,2026-02-21 17:16:38.841
centrifuge-2,cfg,Centrifuge,0.09,49799230,1521995.0,0.089866,0.080204,6.34,2026-02-21 17:16:38.841
pythia,pythia,PYTHIA,0.05,49622198,302422.0,0.04976225,0.04792321,1.62,2026-02-21 17:16:38.841
peanut-the-squirrel,pnut,Peanut the Squirrel,0.05,49213617,12402599.0,0.04976212,0.0467753,2.4,2026-02-21 17:16:38.841
irys,irys,Irys,0.02,48313707,7563043.0,0.02549702,0.02412248,-2.12,2026-02-21 17:16:38.841
midas-mtbill,mtbill,Midas mTBILL,1.05,48282689,10.33,1.053,1.052,0.01,2026-02-21 17:16:38.841
paxos-standard,usdp,Pax Dollar,1.0,47558391,9510002.0,1.0,0.999269,-0.01,2026-02-21 17:16:38.841
usd,usd+,Overnight.fi USD+,0.99,47459708,7.55,0.987109,0.986913,-0.01,2026-02-21 17:16:38.841
burnedfi,burn,BurnedFi,3.83,47347665,57337.0,3.97,3.79,0.13,2026-02-21 17:16:38.841
chia,xch,Chia,2.62,47226654,1943551.0,2.73,2.55,-3.02,2026-02-21 17:16:38.841
fractal-bitcoin,fb,Fractal Bitcoin,0.49,47220509,1601100.0,0.492867,0.488802,0.19,2026-02-21 17:16:38.841
sygnum-fiusd-liquidity-fund,fiusd,Sygnum FIUSD Liquidity Fund,11781.05,47096632,0.0,11781.05,11777.49,0.03,2026-02-21 17:16:38.841
celo,celo,Celo,0.08,47020909,6219484.0,0.079752,0.075969,2.35,2026-02-21 17:16:38.841
resolv-rlp,rlp,Resolv Liquidity Provider Token,1.28,46829896,715229.0,1.28,1.28,-0.07,2026-02-21 17:16:38.841
ssv-network,ssv,SSV Network,3.17,46690879,9799955.0,3.19,3.0,3.39,2026-02-21 17:16:38.841
niza-global-2,niza,Niza Global,0.04,46640586,760157.0,0.04282894,0.04022948,-3.95,2026-02-21 17:16:38.841
world-assets,inc,WorldAssets,0.51,46123130,295547.0,0.518227,0.500254,1.94,2026-02-21 17:16:38.841
mask-network,mask,Mask Network,0.46,45695307,8161199.0,0.46075,0.435507,2.74,2026-02-21 17:16:38.842
ardor,ardr,Ardor,0.05,45599496,211767.0,0.04600395,0.04377378,3.1,2026-02-21 17:16:38.842
lcx,lcx,LCX,0.05,45583339,73175.0,0.04909877,0.04741315,1.27,2026-02-21 17:16:38.842
bora,bora,BORA,0.04,45480025,302351.0,0.03968079,0.03836904,0.98,2026-02-21 17:16:38.842
omni-network,omni,Omni Network [Old],0.86,45359356,16667.13,0.923376,0.84864,-5.77,2026-02-21 17:16:38.842
orbs,orbs,Orbs,0.01,44857802,7320544.0,0.00991609,0.00895962,-6.3,2026-02-21 17:16:38.842
terra-luna-2,luna,Terra,0.07,44746413,9363311.0,0.065395,0.063042,1.07,2026-02-21 17:16:38.842
circle-internet-group-ondo-tokenized-stock,crclon,Circle Internet Group (Ondo Tokenized Stock),63.52,44740946,1491665.0,65.26,61.97,1.12,2026-02-21 17:16:38.842
auki-labs,auki,Auki,0.01,44739834,301642.0,0.0122842,0.01053438,8.76,2026-02-20 07:40:14.334
status,snt,Status,0.01,44725814,1092742.0,0.01132983,0.01079035,3.39,2026-02-21 17:16:38.842
altlayer,alt,AltLayer,0.01,44720451,6507534.0,0.00831111,0.00780421,2.25,2026-02-21 17:16:38.842
apex-token-2,apex,APEX,0.32,44462008,1766669.0,0.331285,0.322462,-1.89,2026-02-21 17:16:38.842
hex-trust-usdx,usdx,Hex Trust USD,1.0,44432129,43715.0,0.999906,0.994992,0.01,2026-02-21 17:16:38.842
would,would,would,0.04,44405889,6256.85,0.04517575,0.04340598,1.43,2026-02-21 17:16:38.842
gunz,gun,Gunz,0.03,44132120,12152776.0,0.02868766,0.02739125,-0.64,2026-02-21 17:16:38.842
sahara-ai,sahara,Sahara AI,0.02,44102342,5612391.0,0.01613716,0.01511116,2.71,2026-02-21 17:16:38.842
gemini-dollar,gusd,Gemini Dollar,1.0,44059837,416313.0,1.007,0.999364,-0.02,2026-02-21 17:16:38.842
icon,icx,ICON,0.04,43527261,739983.0,0.04030482,0.03747061,4.43,2026-02-21 17:16:38.842
espresso,esp,Espresso,0.08,43515236,53202322.0,0.084882,0.065314,26.23,2026-02-21 17:16:38.842
api3,api3,Api3,0.31,43379062,6478176.0,0.306904,0.296396,1.33,2026-02-21 17:16:38.842
unipoly,unp,Unipoly,0.15,43280042,206868.0,0.155352,0.151758,0.62,2026-02-21 17:16:38.842
dusk-network,dusk,DUSK,0.09,43246250,8601829.0,0.092242,0.085858,-3.72,2026-02-21 17:16:38.842
quai-network,quai,Quai Network,0.05,42993309,409122.0,0.04884116,0.04595922,-3.58,2026-02-20 07:40:14.334
uma,uma,UMA,0.48,42973767,4541431.0,0.492586,0.462045,-0.94,2026-02-20 07:40:14.334
gohome,gohome,GOHOME,81.86,42938574,1045777.0,82.05,81.01,0.55,2026-02-20 07:40:14.334
yzy,yzy,YZY,0.33,42713904,1371582.0,0.329031,0.325017,0.13,2026-02-20 07:40:14.334
